school,song_name,writers,year,student_writer,official_song,contest,bpm,sec_duration,nonsense,colors,opponents,spelling,spotify_id,lyrics
Alabama,Yea Alabama,Ethelred Lundy (Epp) Sykes,1926,Yes,Yes,Yes,153,59,No,Yes,Yes,No,1lkKK6lbsPYD6n5QZbiH1q,"Yea, Alabama! Drown 'em Tide!

Every 'Bama man's behind you,

Hit your stride.

Go teach the Bulldogs to behave,

Send the Yellow Jackets to a watery grave.

And if a man starts to weaken,

That's a shame!

For Bama's pluck and grit have

Writ her name in Crimson flame.

Fight on, fight on, fight on men!

Remember the Rose Bowl, we'll win then.

Go, roll to victory,

Hit your stride,

You're Dixie's football pride,

Crimson Tide, Roll Tide, Roll Tide!!"
Arizona,"Bear Down, Arizona",Jack K. Lee,1952,No,No,No,144,83,No,Yes,No,No,2ckfyC5awK1YD3kbOfCHeP,"Bear Down, Arizona

Bear Down, red and Blue

Bear Down, Arizona

Hit 'em hard, let 'em know who's who;

Bear Down, Arizona

Bear Down, Red and Blue

Go, go, Wildcats, go;

Arizona, Bear Down"
Arizona State,Maroon and Gold,Felix McKernan,1948,No,Yes,No,150,106,No,Yes,No,Yes,138TmlsqwA1J0pGeJBoGUS,"Fight, Devils Down The Field

Fight With Your Might and Don't Ever Yield

Long May Our Colors Outshine All Others

Echo From The Buttes, Give 'Em Hell Devils!

Cheer, Cheer For A-S-U

Fight For The Old Maroon

For it's Hail, Hail, The Gang's All Here

And It's Onward to Victory!"
Arkansas,Arkansas Fight,William Edwin Douglass,1913,Yes,Yes,No,77,88,No,No,No,Yes,20iLjYvQOdAO3lPYkfycGn,"Hit that line! Hit that line!

Keep on going!

Move that ball right down the field!

Give a cheer. Rah! Rah!

Never fear. Rah! Rah!

Arkansas will never yield!

On your toes, Razorbacks, to the finish,

Carry on with all your might!

For it's A-A-A-R-K-A-N-S-A-S

for Arkansas!

Fight! Fight! Fi-i-i-ight!"
Auburn,War Eagle,Robert Allen and Al Stillman,1955,No,Yes,No,77,27,No,Yes,No,No,1WSPADIiYIO5GfNTJ2vwnM,"War Eagle, fly down the field,

Ever to conquer, never to yield.

War Eagle, fearless and true.

Fight on you orange and blue.

Go! Go! Go!

On to vict'ry, strike up the band.

Give 'em hell, give 'em hell,

Stand up and yell, hey!

War Eagle, win for Auburn,

Power of Dixieland!"
Baylor,Old Fight,Dick Baker and Frank Boggs,1947,Yes,Yes,No,76,99,No,Yes,No,Yes,2ZsaI0Cu4nz8DHfBkPt0Dl,"Bear down you Bears of Old Baylor U We're all for you!

GO BEARS!

We're gonna show dear old Baylor spirit through and through!

GO BEARS!

Come on and fight them with all your might you bruins bold

And win all our victories for the Green and Gold!

B! A! Y! L! O! R! BAYLOR! BEARS! FIGHT!

Come on and fight them with all your might you bruins bold

And win all our victories for the Green and Gold!

B-A-Y-L-O-R BAYLOR BEARS FIGHT!"
Boston College,For Boston,T.J. Hurley,Unknown,No,Yes,No,147,84,No,No,No,No,4E8cLR6NcYCCJWqD2iwz7c,"For Boston, for Boston,

We sing our proud refrain!

For Boston, for Boston,

'Tis Wisdom's earthly fane.

For here all are one

And their hearts are true,

And the towers on the Heights

Reach to Heav'ns own blue.

For Boston, for Boston,

Till the echoes ring again!

For Boston, for Boston,

Thy glory is our own!

For Boston, for Boston,

'Tis here that Truth is known.

And ever with the Right

Shall thy heirs be found,

Till time shall be no more

And thy work is crown'd.

For Boston, for Boston,

For Thee and Thine alone."
California,Fight for California,Earl Elleson McCoy and Robert N. Fitch,1909,No,Yes,No,134,88,No,Yes,No,No,06Qz83gVtmHtWTClrucgjX,"Our sturdy Golden Bear,

Is watching from the skies,

Looks down upon our colors fair,

And guards us from his lair.

Our banner Gold and Blue,

The symbol on it too,

Means FIGHT! for California.

For California through and through!

Stalwarts girded for the fray,

Will strive for victory,

Their all at Mater's feet will lay,

That brain and brawn will win the day.

Our mighty sons and true

Will strive for us anew,

And FIGHT! for California,

For California through and through!"
Clemson,Tiger Rag,Original Dixieland Jass Band,1917,No,Yes,No,145,78,No,No,No,Yes,7hGtgN4N9ebZTlC7xhvKIE,"Long ago way down in the jungle

Someone got an inspiration for a tune

And that jingle came from the jungle

Became famous mighty soon

Thrills and chills it sends through you

Hot so hot it burns you too

Though it's just the growl of the Tiger

It was written in a syncopated way

More and more they yell for the Tiger

Everywhere you go today, they're shoutin:

Where's that Tiger?

Where's that Tiger?

Where's that Tiger?

Where's that Tiger?

Hold that Tiger!

Hold that Tiger!

Hold that Tiger!

C-L-E-M-S-O...N!"
Colorado,Fight CU,Richard Durnett,Unknown,Unknown,Yes,No,151,27,No,No,No,Yes,0Q3VKlBT4lugyLG5n9LKIz,"Fight CU down the field,

CU must win

Fight, fight for victory

CU knows no defeat

We'll roll up a mighty score

Never give in

Shoulder to shoulder

We will fight, fight

Fight, fight, fight!"
Duke,Fight Blue Devils,Joe Hewitt and Doug Ballin,1947,No,Yes,No,139,58,No,Yes,Yes,No,0fDiYvMTYWSSrIuHVJGMZj,"Fight, Fight Blue Devils

Fight for Duke and the Blue and White

March on through

For the touchdown's there for you

Go get 'em

Duke is out to win today

Carolina goodnight

So turn on the steam team

Fight Blue Devils Fight"
Florida,The Orange and Blue,George Hamilton and Thornton Whitney Allen,1925,No,Yes,No,71,66,No,Yes,No,No,15yyBZUfgNbft50mMB7a4V,"So give a cheer for the Orange and Blue

Waving Forever!

Forever pride of Old Florida,

May she droop never.

We'll sing a song for the flag today,

Cheer for the team at play!

On to the goal,

We'll fight our way for

Flor-i-da!

Go Gators!"
Florida State,FSU Fight Song,Doug Alley and Tommie Wright,1950,Yes,Yes,No,135,92,Yes,No,No,Yes,552UZRLtAO5YXvIVRLjphI,"You got to fight, fight, fight for FSU,

You got to scalp 'em Seminoles.

You got to win, win, win, win this game,

and roll on down and make those goals.

For FSU is on the warpath now,

and at the battles end she's great.

For it's fight, fight, fight for victory,

the Seminoles of Florida State.

F-L-O-R-I-D-A-S-T-A-T-E

Florida State! Florida State! Florida State!

WHOOOOOOO!"
Georgia,"Glory, Glory","Hugh Hodgson, based on traditional song",1915,Yes,No,No,162,41,No,No,No,Yes,7masdC1Jz6f4okFu4tAwOz,"Glory, glory to old Georgia!

Glory, glory to old Georgia!

Glory, glory to old Georgia!

G-E-O-R-G-I-A.

Glory, glory to old Georgia!

Glory, glory to old Georgia!

Glory, glory to old Georgia!

G-E-O-R-G-I-A."
Georgia Tech,Ramblin' Wreck From Georgia Tech,Unknown,Unknown,Yes,Yes,No,148,68,No,Yes,Yes,No,0ZOzvjnZDwrtluHrwbtvGR,"I'm a Ramblin' Wreck from Georgia Tech and a hell of an engineer

A helluva', helluva helluva helluva helluva engineer

Like all the jolly good fellows I drink my whiskey clear

I'm a Ramblin' Wreck from Georgia Tech and a hell of an engineer

Oh, if I had a daughter sir, I'd dress her in white and gold

And put her on the campus, sir, to cheer on the brave and bold

And if I had a son, sir, I'd tell you what he'd do

He would yell ""To Hell With Georgia"" like his daddy used to do

Oh, I wish I had a barrel of rum and sugar three thousand pounds

A college bell to put it in and a clapper to stir it around

I'd drink to all the good fellows who come from far and near

I'm a ramblin' gamblin' hell of an engineer! Hey!"
Illinois,Oskee-Wow-Wow,H.R. Green and H.V. Hill,1910,Yes,Yes,No,162,60,Yes,Yes,Yes,No,6C0vaoMxzM21yYgJBmGx5K,"Old Princeton yells her Tiger,

Wisconsin, her Varsity

And they give the same old Rah, Rah, Rah,

At each University,

But the yell that always thrills me

And fills my heart with joy,

Is the good old Oskee-Wow-Wow,

That they yell at Illinois.

Oskee-Wow-Wow,

Illinois,

Our eyes are all on you.

Oskee-Wow-Wow,

Illinois,

Wave your Orange and your Blue,

Rah, Rah,

When the team trots out before you,

Every man stand up and yell,

Back the team to victory,

Oskee-Wow-Wow.

Illinois."
Indiana,"Indiana, Our Indiana",Russell P. Harker and Karl L. King,1912,Yes,Yes,No,150,63,No,Yes,No,Yes,2Wbo5zdRDnq4pOgWL9avaG,"Indiana, Our Indiana

Indiana, we're all for you

We will fight for

the Cream & Crimson,

For the glory of Old IU

Never daunted, we cannot falter

In the battle, we're tried and true

Indiana, Our Indiana

Indiana, we're all for you!"
Iowa,Iowa Fight Song,Meredith Willson,1950,No,Yes,No,150,72,No,No,No,No,604ELPPFgbFlW0SHoEYVJw,"The word is 'Fight! Fight! Fight! for IOWA,'

Let every loyal Iowan sing;

The word is 'Fight! Fight! Fight! for IOWA,'

Until the walls and rafters ring (rah! rah!)

Come on and cheer, cheer, cheer for IOWA,

Come on and cheer until you hear the final gun.

The word is 'Fight! Fight! Fight! for IOWA,'

Until the game is won."
Iowa State,Iowa State Fights,"Jack Barker, Manly Rice, Paul Gnam, Rosalind K. Cook",1930,Yes,Yes,No,155,55,No,No,No,Yes,3yyfoOXZQCtR6pfRJqu9pl,"O we will fight, fight, fight for Iowa State,

And may her colors ever fly.

Yes, we will fight with might for Iowa State,

With a will to do or die,

Rah! Rah! Rah!

Loyal sons forever true,

And we will fight the battle through.

And when we hit that line we'll hit it hard

ev'ry yard for I.S.U."
Kansas,I'm a Jayhawk,"George ""Dumpy"" Bowles",1912,Yes,Yes,No,137,62,Yes,No,Yes,No,0JzbjZgcjugS0dmPjF9R89,"Talk about the Sooners, Cowboys and the Bears,

Aggies and the Tiger and his tail.

Talk about the Wildcats, and the Cyclone boys,

But I'm the bird to make 'em weep and wail.

'Cause I'm a Jay, Jay, Jay, Jay, Jayhawk,

Up at Lawrence on the Kaw-

'Cause I'm a Jay, Jay, Jay, Jay, Jayhawk,

With a sis-boom, hip hoorah,

Got a bill that's big enough

To twist a Tiger's tail,

Rope some 'Horns and listen

To the Red Raiders wail-

'Cause I'm a Jay, Jay, Jay, Jay, Jayhawk,

Riding on a Kansas gale."
Kansas State,Wildcat Victory,Harry E. Erickson,1927,Yes,Yes,No,80,67,No,Yes,No,No,4xxDK4g1OHhZ44sTFy8Ktm,"Fight, you K-State Wildcats

For alma mater fight-fight-fight!

Glory in the combat

For the purple and the white.

Faithful to our colors.

We will ever be,

Fighting ever fighting for a

Wildcat Victory!

Go State!"
Kentucky,On! On! U of K,Troy Perkins and Charles A. Lampert,1923,Yes,Yes,Yes,79,52,No,Yes,No,Yes,6QMYhg8EaZm7P1n4FZrCWB,"On, on, U of K, we are right for the fight today,

Hold that ball and hit that line;

Ev'ry Wildcat star will shine;

We'll fight, fight, fight, for the blue and white

As we roll to that goal, Varsity,

And we'll kick, pass and run, 'till the battle is won,

And we'll bring home the victory."
Louisville,Fight! U of L,Robert B. Griffith,1962,No,Yes,No,139,80,No,No,No,Yes,1sCmJDLWfD4hsCHyc9hqUr,"Fight now for victory and show them

How we sure will win this game

Fight on you Card'nals and prove to them

That we deserve our fame.

Rah, Rah, Rah!

Roll up the score now and beat the foe

So we can give a yell

With a FIGHT! give them all you've got

For we are with you U of L."
LSU,Fight for LSU,Castro Carazo and W.G. Higginbotham,1937,No,Yes,No,168,83,No,Yes,No,Yes,5AeAxCC07c4eyWY8eKopQ4,"Like Knights of old, Let's fight to hold

The glory of the Purple Gold.

Let's carry through, Let's die or do

To win the game for dear old LSU.

Keep trying for that high score;

Come on and fight,

We want some more, some more.

Come on you Tigers, Fight! Fight! Fight!

for dear old L-S-U.

RAH!"
Maryland,Maryland Fight Song,Ralph Davis,1939,Yes,Yes,No,142,56,No,No,No,No,6PKoPWKJLOBI2K33RkFvbc,"Fight, fight, fight for Maryland,

Honor now her name again,

Push up the score, keep on fighting for more,

For Maryland, GO TERPS!

And we will fight, fight, fight for terrapins,

Keep on fighting 'till we win.

So sing out our song as we go marching along,

To victory!!!"
Miami,Miami U How-Dee-Doo,Henry Fillmore,1950,No,Yes,No,75,73,No,No,No,Yes,2TDHghruqAnMmH4L9GFUUr,"Miami, Miami, Miami, Hurricanes

Drive, Drive, you Hurricanes

Keep right on goin, up that scorin'

Miami, Miami, Miami, Hurricanes

Drive on over the goal and on to victory.

M-I-A-M-I, M-I-A-M-I, fight,fight,fight."
Michigan,The Victors,Louis Elbel,1898,Yes,Yes,No,83,122,No,No,No,No,6wVbHLCBOCqp6052WcWXLG,"Hail! to the victors valiant

Hail! to the conqu'ring heroes

Hail! Hail! to Michigan

the leaders and best

Hail! to the victors valiant

Hail! to the conqu'ring heroes

Hail! Hail! to Michigan,

the champions of the West!"
Michigan State,Victory for MSU,Francis Irving Lankey and Arthur L. Sayles,1915,Yes,Yes,No,145,112,No,Yes,No,Yes,4BSrPApxbeUNPA5Q8LyfMd,"On the banks of the Red Cedar,

There's a school that's known to all;

Its specialty is winning,

And those Spartans play good ball;

Spartan teams are never beaten,

All through the game they fight;

Fight for the only colors,

Green and White.

Go right through for MSU,

Watch the points keep growing.

Spartan teams are bound to win,

They're fighting with a vim.

Rah! Rah! Rah!

See their team is weakening,

We're going to win this game.

Fight! Fight! Rah! Team, Fight!

Victory for MSU."
Minnesota,The Minnesota Rouser,Floyd Hutsell,1909,No,Yes,Yes,151,60,Yes,No,No,Yes,2EeyLSmHKdZulOKGcTpLS0,"Minnesota, Hats off to thee!

To thy colors, true we shall ever be,

Firm and strong, united are we.

Rah! Rah! Rah! for Ski-U-Mah,

Rah! Rah! Rah! Rah! Rah for the U of M.

[Repeat]

M - I - N - N - E - S - O - T - A!

Minnesota! Minnesota! Yeaaaaaaah Gophers!"
Mississippi,Forward Rebels,E.F. Yerby,Unknown,Unknown,Yes,No,153,65,No,Yes,No,No,301ClIQs4cI8poO11mklxg,"Forward Rebels, march to fame,

Hit that line and win this game,

We know that you'll fight it through,

For your colors Red and Blue — Fight, Fight, Fight.

Rebels you're the Southland's pride,

Take that ball and hit your stride,

Don't stop 'till the victory's won,

For your Ole Miss.

Fight, fight for your Ole Miss."
Mississippi State,Hail State,Joseph Peavey,1936,No,Yes,Yes,146,54,No,No,No,Yes,3WN6SK7WfjUSRDFH4PlMNV,"Hail dear ol' State!

Fight for that victory today.

Hit that line and tote that ball,

Cross the goal before you fall!

And then we'll yell, yell, yell, yell!

For dear ol' State

we'll yell like H-E-L-L!

Fight for Mis-sis-sip-pi State,

Win that game today!"
Missouri,Fight Tiger,Donald MacKay and Robert Karsch,1946,Yes,Yes,Yes,138,86,No,No,No,No,4nrVmzJetWGvMa3OKGJm2Q,"Fight, Tiger, fight for old Mizzou,

Right behind you, everyone is with you.

Break the line and follow down the field,

And, you'll be, on the top, upon the top.

Fight, Tiger, you will always win,

Proudly keep the colors flying skyward.

In the end, we'll win the victory,

So Tiger, fight for Old Mizzou!"
Nebraska,Dear Old Nebraska U.,Harry Pecha,1924,Yes,No,No,136,94,No,No,No,No,7z2TihIyf3IZR1r0AmI1Ik,"There is no place like Nebraska,

Dear old Nebraska U.

Where the girls are the fairest,

The boys are the squarest,

Of any old school that I knew.

There is no place like Nebraska,

Where they're all true blue.

We'll all stick together,

In all kinds of weather,

For dear old Nebraska U."
North Carolina,I'm a Tar Heel Born,Unknown,Unknown,Unknown,Yes,No,158,38,No,No,No,No,23cCr6w4YgxQaYlr3eNTUr,"I'm a Tar Heel born I'm a Tar Heel bred

And when I die I'm a Tar Heel dead.

So it's RAH, RAH, Car'lina 'lina

RAH, RAH, Car'lina 'lina

RAH, RAH, Car'lina

RAH! RAH! RAH!"
North Carolina State,The Red & White Song,J. Perry Watson,1961,No,No,No,90,82,No,Yes,Yes,Yes,2Pn76lkyMhOxJj8maIrIRT,"We're the Red and White from State

And we know we are the best.

A hand behind our back,

We can take on all the rest.

Come over the hill, Caroline.

Devils and Deacs stand in line.

The Red and White from N.C. State.

Go State!"
Northwestern,Go! U Northwestern,Theodore C. Van Etten,1912,Yes,Yes,No,140,57,No,No,No,No,4iWO9U49SZ0vvzto7qxRxN,"Go! U Northwestern!

Break right through that line.

With our colors flying,

We will cheer you all the time.

U! Rah! Rah!

Go! U Northwestern!

Fight for victory.

Spread far the fame of our fair name.

Go Northwestern, win that game!

(Whistle)

(Yell) Go! Northwestern Go!

(Whistle)

(Yell) Go! Northwestern Go!

Hit 'em hard!

Hit 'em low!

Go, Northwestern Go!"
Notre Dame,Victory March,Michael J. Shea and John F. Shea,1908,No,Yes,No,152,64,No,Yes,No,No,15a3ShKX3XWKzq0lSS48yr,"Rally sons of Notre Dame:

Sing her glory and sound her fame,

Raise her Gold and Blue

And cheer with voices true:

Rah, rah, for Notre Dame

We will fight in ev-ry game,

Strong of heart and true to her name

We will ne'er forget her

And will cheer her ever

Loyal to Notre Dame

Cheer, cheer for old Notre Dame,

Wake up the echoes cheering her name,

Send a volley cheer on high,

Shake down the thunder from the sky.

What though the odds be great or small

Old Notre Dame will win over all,

While her loyal sons are marching

Onward to victory."
Ohio State,Buckeye Battle Cry,Frank Crumit,1919,No,Yes,Yes,178,89,No,Yes,No,No,2faIedehtxwQqYxRRc6T2L,"In old Ohio there's a team,

That's known thru-out the land;

Eleven warriors, brave and bold,

Whose fame will ever stand,

And when the ball goes over,

Our cheers will reach the sky,

Ohio Field will hear again

The Buckeye Battle Cry.

Drive! Drive on down the field;

Men of the scarlet and gray;

Don't let them thru that line,

We've got to win this game today,

Come on, Ohio!

Smash thru to victory,

We'll cheer you as you go;

Our honor defend

So we'll fight to the end

For Ohio."
Oklahoma,Boomer Sooner,Arthur M. Alden,1905,Yes,Yes,No,153,37,No,No,No,Yes,0QXC8Gg1oKWkORegslTXoT,"Boomer Sooner, Boomer Sooner

Boomer Sooner, Boomer Sooner

Boomer Sooner, Boomer Sooner

Boomer Sooner, OK U!

Oklahoma, Oklahoma

Oklahoma, Oklahoma

Oklahoma, Oklahoma

Oklahoma, OK U!

I'm a Sooner born and Sooner bred

and when I die, I'll be Sooner dead

Rah Oklahoma, Rah Oklahoma

Rah Oklahoma, OK U!"
Oklahoma State,Ride 'Em Cowboys,J.K. Long,1934,No,Yes,No,180,29,No,No,Yes,No,0mTJqaacUZPG740Y1YDn5j,"Ride, ride, ride, ride,

Ride 'em Cowboys,

Right down the field;

Fight! Fight! Fight! Fight!

Fight 'em Cowboys, and never yield.

Ride, ride, ride, ride,

Ride on, Cowboys, to victory;

Cross (opponent)'s goal;

Then we'll sing ""O-kla-homa State!"""
Oregon,Mighty Oregon,DeWitt Gilbert and Albert John Perfect,1916,Yes,Yes,No,65,80,No,No,Yes,No,4zPgdoDF3Od2dwQdPlGJtt,"Oregon, our Alma Mater, we will guard thee on and on.

Fellows gather 'round and cheer her; chant her glory, Oregon.

Roar the praises of her warriors, sing the story, Oregon;

On to victory urge the heroes of our Mighty Oregon.

We will march, march, on down the field, fighting for Oregon.

Plough through the foeman's line their strength we'll defy.

We'll give a long cheer for our men. We're out to win again.

OSU may fight to the end but we will win."
Oregon State,Hail to Old OSU,Harold Wilkins,1914,No,Yes,No,137,63,No,No,No,Yes,4IV43tyrxewZDmBMp2rtHh,"OSU our hats are off to you,

Beavers, Beavers fighters thru and thru.

We'll cheer throughout the land,

We'll root for ev'ry plan,

(LET'S X GO X O-S-U!)

Watch our team go tearing down the field,

Those of iron their strength will never yield.

Hail, hail, hail, hail,

Hail to old OSU.

(OSU Fight! B-E-A-V-E-R-S)"
Penn State,"Fight On, State",Joseph Sanders,1933,No,Yes,No,145,81,No,Yes,No,Yes,5InlNNfIFQAvCL78VFgR5O,"Fight on State (GO!)

Fight on State (GO!)

Strike your gait and win, (LET'S GO STATE!)

Victory we predict for thee

We're ever true to you, dear old White and Blue.

Onward State, (GO!)

Onward State, (GO!)

Roar, Lions, roar: (LET'S GO STATE!)

We'll hit that line, roll up the score,

Fight on to victory ever more,

Fight on, on, on, on, on, Fight on, on, Penn State! (S-T-A-T-E GO! STATE!)"
Pitt,Hail to Pitt,George Kirk and Lester Milton Taylor,1911,Yes,Yes,No,79,110,Yes,Yes,No,Yes,55nndPja6lpTsGMinT1SJy,"Hail to Pitt, hail to Pitt every loyal son!

Hail to Pitt, hail to Pitt 'til the victory is won!

The gold and blue shall wave forever

On high through fair and stormy weather;

We'll sing her praises far and wide

Until the end of time!

Hooperay, hooperay for dear old U-N-I;

We'll give a grand old alleghenee, genac, genac, genac

We'll wave and cheer for many a year

And sing our songs out loud and clear

For our university."
Purdue,Hail Purdue,James R. Morrison and Edward S. Wotawa,1912,Yes,Yes,No,160,86,No,Yes,No,No,1bYZgec19T5gQJAUeIzq9W,"To Your Call Once More We Rally;

Alma Mater Hear Our Praise;

Where The Wabash Spreads Its Valley,

Filled With Joy Our Voices Raise.

From The Skies In Swelling Echoes

Come The Cheers That Tell The Tale

Of Your Vict'ries And Your Heroes,

Hail Purdue! We Sing All Hail!

Hail, Hail To Old Purdue!

All Hail To Our Old Gold And Black!

Hail, Hail To Old Purdue!

Our Friendship May She Never Lack.

Ever Grateful, Ever True,

Thus We Raise Our Song Anew

Of The Days We've Spent With You,

All Hail Our Own Purdue!"
Rutgers,The Bells Must Ring,Richard Hadden and W.E. Sanford,1931,Yes,Yes,Yes,75,74,Yes,Yes,No,Yes,7EdGMXzZjJKNHJaszbWTHi,"March, men of Rutgers

Down the field today.

March to another score,

Forward to the fray;

Fight, men of Rutgers

As in days gone by

Fight! For the Scarlet Flag over the rest must fly.

Keep Rutgers colors to the fore

For they must win so fight, fight, fight!

And we'll advance some more to score,

The Rutgers flag flies high tonight, alright, alright

We'll fling the Scarlet Banner out,

And Rutgers men will fight, fight, fight, fight, fight;

The bells of Queens each victory shout

The bells of Queens must ring tonight.

RU, Rah, Rah;

RU, Rah, Rah,

Whoo-Rah, Whoo-Rah;

Rutgers Rah

Up Stream Red Team

Red Team Up Stream

Rah, Rah, Rutgers Rah"
South Carolina,The Fighting Gamecocks Lead the Way (Step to the Rear),"Paul Dietzel and Elmer Bernstein, arranged by James Pritchard",1968,No,Yes,No,153,64,No,Yes,No,Yes,65X66oBRmSp8gDkoRGbLjD,"Hey, Let's give a cheer, Carolina is here,

The Fighting Gamecocks lead the way.

Who gives a care, If the going gets tough,

And when it is rough, that's when the 'Cocks get going.

Hail to our colors of garnet and black,

In Carolina pride have we.

So, Go Gamecocks Go - FIGHT!

Drive for the goal - FIGHT!

USC will win today - GO COCKS!

So, let's give a cheer, Carolina is here.

The Fighting Gamecocks All The Way"
Stanford,Come Join the Band,"Aurania Ellerbeck Rouverol, Robert Browne Hall",1907,Yes,Yes,No,135,63,No,Yes,No,No,3Zw53YIiVtdcQBmwbBQ2JS,"Come, join the band,

And give a cheer for Stanford red;

Throughout the land

Our banner waving overhead;

Stanford, for you,

Each loyal comrade brave and true,

With might and main sings this refrain,

""Forever and forever Stanford red.""

After the game,

When Stanford red has won the day,

Praising her name

Down on the field we'll force our way

And on the green

Each man who joins the serpentine

With might and main sings this refrain.

""Forever and forever Stanford red."""
Syracuse,Down the Field,Ralph Murphy and C. Harold Lewis,1914,Yes,Yes,No,137,85,No,Yes,Yes,No,4zrPkQ9AFljRbPy0JNW6cA,"Down, down the field goes old Syracuse,

Just see those backs hit the line and go thro'

Down, down the field they go marching,

Fighting for the Orange staunch and true.

Rah! Rah! Rah!

Vict'ry's in sight for old Syracuse,

each loyal son knows the (opposing team's nickname) will lose,

For we'll fight, yes, we'll fight, and with all our might

For the glory of Syracuse."
TCU,TCU Fight Song,Claude Sammis,1928,No,Yes,No,149,47,No,Yes,No,Yes,0ItcRLvqHlbkaqMCPtQKUl,"We'll raise a song, both loud and long

To cheer our team to victory

For TCU, so tried and true,

We pledge eternal loyalty.

Rah, Rah, TCU!

Fight on boys, fight, with all your might

Roll up the scores for TCU

Hail white and purple flag whose heroes never lag,

Horned Frog, we are all for you!"
Tennessee,Rocky Top,Felice and Boudleaux Bryant,1967,No,No,No,149,53,No,No,No,No,5BRY9YO0PDey8RQcDOV9aP,"Wish that I was on ol' Rocky Top

Down in the Tennessee hills

Ain't no smoggy smoke on Rocky Top

Ain't no telephone bills

Once I had a girl on Rocky Top

Half bear, the other half cat

Wild as a mink, but sweet as soda pop

I still dream about that

Rocky Top you'll always be

Home sweet home to me

Good ol' Rocky Top

Rocky Top Tennessee, Rocky Top Tennessee"
Texas,Texas Fight,"Walter S. Hunnicutt, James E. King and Burnett Pharr",1923,No,Yes,No,81,65,No,Yes,Yes,No,53CytfvDMSkJHY5PtrcZiD,"Texas Fight, Texas Fight,

And it's goodbye to A&M.

Texas Fight, Texas Fight,

And we'll put over one more win.

Texas Fight, Texas Fight,

For it's Texas that we love best.

Give 'em hell, give 'em hell! Go, Horns, go!

And it's good-bye to all the rest!

Yea Orange! Yea White!

Yea Longhorns! Fight! Fight! Fight!

Texas Fight! Texas Fight,

Yea Texas Fight!

Texas Fight! Texas Fight,

Yea Texas Fight! The Eyes of Texas are upon you,

All the livelong day.

The Eyes of Texas are upon you,

You cannot get away.

Texas Fight, Texas Fight,

For it's Texas that we love best.

Give 'em hell, give 'em hell! Go, Horns, go!

And it good-bye to all the rest!"
Texas A&M,Aggie War Hymn,J.V. ‚ÄúPinky‚Äù Wilson,1918,Yes,No,Yes,117,172,Yes,No,Yes,No,4mssGSMkmNIv0XR5e6j9Ky,"Hullabaloo, Caneck, Caneck

Hullabaloo, Caneck, Caneck

Good bye to Texas University

So long to the orange and the white

Good luck to dear old Texas Aggies

They are the boys who show the real old fight

'the eyes of Texas are upon you'

That is the song they sing so well

Sounds Like Hell

So good bye to Texas University

We're gonna beat you all to

Chigaroogarem

Chigaroogarem

Rough, Tough, Real stuff, Texas A&M

Saw varsity's horns off

Saw varsity's horns off

Saw varsity's horns off

Short! A!

Varsity's horns are sawed off

Varsity's horns are sawed off

Varsity's horns are sawed off

Short! A!"
Texas Tech,"Fight, Raiders, Fight",Carroll McMath,1936,Yes,Yes,No,159,54,No,Yes,No,No,3DfKi9Iqvtxf4DIjs8ezTq,"Fight, Raiders, Fight! Fight, Raiders, Fight!

Fight for the school we love so dearly.

You'll hit 'em high, you'll hit 'em low.

You'll push the ball across the goal,

Tech, Fight! Fight!

We'll praise your name, boost you to fame.

Fight for the Scarlet and Black.

You will hit 'em, you will wreck 'em.

Hit 'em! Wreck 'em, Texas Tech!

And the Victory Bells will ring out!"
UCLA,Sons of Westwood, Harold P. Williams and N. Loyall McLaren; Kelly James,1959,No,Yes,No,72,69,No,Yes,Yes,Yes,0XxQcPAThn9dOZ6NVFUfGl,"We are Sons of Westwood,

And we hail the Blue and Gold;

True to thee our hearts will be,

Our love will not grow old.

Bruins roam the hills of Westwood,

By the blue Pacific shore;

And when they chance to see a man from USC,

Ev'ry Bruin starts to roar.

U! (3 claps)

C! (3 claps)

L! (3 claps)

A! (3 claps)

U-C-L-A! Fight! Fight! Fight!"
USC,"Fight On, USC",Milo Sweet,1922,Yes,Yes,Yes,75,60,No,No,No,Yes,23EM48kuqZWVltXE9bApcK,"Fight On for ol' SC

Our men Fight On to victory.

Our Alma Mater dear, looks up to you

Fight On and win for ol' SC

Fight On to victory. Fight On!"
Utah,Utah Man,Harvey Holmes and the football team,1904,No,Yes,No,168,66,Yes,Yes,No,No,5pwoauvjUb3aRkDDvibaco,"I am a Utah man (fan), sir, and I live across the green,

Our gang it is the jolliest that you have ever seen.

Our students are the finest and each one's a shining star,

Our yell, you'll hear it ringing through the mountains near and far!

Who am I, sir,

A Utah man (fan) am I!

A Utah man (fan), sir,

Will be 'til I die.

Ki-yi!

We're up to snuff, we never bluff, we're game for any fuss.

No rival band of college fans dare meet us in The Muss.

So fill your lungs and sing it out and shout it to the sky,

We'll fight for dear old crimson for a Utah man (fan) am I!

Ki-yi!

And when we prom the avenue,

All lined up in a row, and arm in arm,

And step in time as down the street we go.

No matter if a freshman green, or in a senior's gown,

the people all admit we are the warmest gang in town.

We may not live forever on this jolly good sphere,

But while we do we'll live a life of merriment and cheer,

And when our college days are o'er and night is drawing nigh,

With parting breath we'll sing that song: ""A Utah man (fan) Am I."""
Vanderbilt,Dynamite,Francis Craig,1941,No,Yes,No,72,45,No,No,No,No,5tXWqJHiTDHRYtOngsBPAW,"Dynamite, Dynamite

When VANDY starts to fight.

Down the field with blood to yield,

If need be, save the shield.

If vict'ry's won, when battle's done,

Then VANDY's name will rise in fame.

Win not lose,

It's ours to choose,

And VANDY's game will be the same.

Dynamite, Dynamite

When VANDY starts to fight!

Fight!"
Virginia,The Good Old Song,Edward H. Craighill,1893,Yes,No,No,112,42,Yes,No,No,Yes,4zymLpKnHG2KURvrSUyUy8,"That good old song of

Wah-hoo-wa

We'll sing it o'er and o'er

It cheers our hearts and

warms our blood

To hear them shout and roar.

We come from Old Virginia,

Where all is bright and gay.

Let's all join hands and give a yell

For the dear old UVA

Wah-hoo-wa,

Wah-hoo-wa.

Uni-v, Virginia,

Hoo-rah-ray,

Hoo-rah-ray,

Ray! Ray! U-V-A

'Wah-hoo-wa'"
Virginia Tech,Tech Triumph,Wilfred P. Maddux and Mattie Eppes,1919,Yes,Yes,No,133,71,Yes,Yes,No,Yes,5v3wGg8VMD8MMYGb8SXBss,"Techmen, we're Techmen, with spirit true and faithful,

Backing up our teams with hopes undying;

Techmen, Oh, Techmen, we're out to win today,

Showing 'pep' and life with which we're trying;

V.P., old V.P., you know our hearts are with you

In our luck which never seems to die;

Win or lose, we'll greet you with a glad returning,

You're the pride of V.P.I.

Just watch our men so big and active

Support the Orange and Maroon. Let's go Techs.

We know our ends and backs are stronger,

With winning hopes, we fear defeat no longer.

To see our team plow through the line, boys.

Determined now to win or die:

So give a Hokie, Hokie, Hokie, Hi,

Rae, Ri, old V.P.I."
Wake Forest,O Here's To Wake Forest,C.P. Weaver,1908,No,Yes,No,146,69,No,Yes,No,No,3u6THWNCTIdCcGIcJ1FQsN,"O here's to Wake Forest

A glass of the finest

Red ruddy, Rhenish filled up to the brim.

Her sons they are many

Unrivaled by any

With hearts o'erflowing, we will sing a hymn.

Rah! Rah! Wake Forest Rah!

Old Alma Mater's sons are we.

We'll herald the story

And die for her glory,

Old Gold and Black is ever waving high.

As frosh we adore her

As sophs we explore her

And carve our names upon her ancient walls.

As juniors patrol her

As seniors extol her

And weep to leave fore'er her sacred halls."
Washington,Bow Down to Washington,Lester J. Wilson,1915,No,Yes,Yes,139,89,No,Yes,No,No,0OLQPcJ1jMwrXJbt81hHrx,"Bow down to Washington

Bow down to Washington

Mighty are the ones who wear the purple and the gold

Joyfully we welcome them within the victor's fold

We will carve their names in the hall of fame

to preserve the memory of our devotion.

So heaven help the foes of Washington

They're trembling at the feet of mighty Washington

Our teams are there with bells

Their fighting blood excels

It's harder to push them over the line than pass the Dardanelles.

So, ""VICTORY'S"" the cry of Washington

Our leather lungs together with a RAH! RAH! RAH!

And o'er the land the loyal band will sing the glory of Washington forever!"
Washington State,The Fight Song,Zella Melcher and Phyllis Sayles,1919,Yes,Yes,No,81,64,No,Yes,No,Yes,5VErX42t9bSJGas8aOtQyD,"Fight, fight, fight for Washington State

Win the victory,

Win the day for Crimson and Gray!

Best in the West,

We know you'll all do your best,

So on, on, on, on!

Fight to the end!

Honor and glory you must win!

So fight, fight, fight for Washington State and

Victory!

W-A-S-H-I-N-G-T-O-N

S-T-A-T-E

C-O-U-G-S

Go Cougs!"
West Virginia,Hail West Virginia,"Earl Miller, Ed McWhorter and Fred Deem",1915,Yes,Yes,No,152,92,No,No,No,No,1VqZp811UsBJy66R8TTkei,"It's West Virginia, It's West Virginia

The Pride of every Mountaineer.

Come on you old grads, join with us young lads,

It's West Virginia now we cheer!

Now is the time, boys, to make a big noise

No matter what the people say,

For there is naught to fear; the gang's all here,

So hail to West Virginia, Hail"
Wisconsin,"On, Wisconsin",William Purdy and Carl Beck,1909,No,Yes,No,132,134,No,No,No,No,4DmMOLdp4ZYvrAqemDBBbJ,"On Wisconsin, On Wisconsin

Plunge right through that line,

Run the ball clear down the field, boys

Touchdown sure this time

On Wisconsin, On Wisconsin

Fight on for her fame,

Fight, Fellows, Fight, Fight, Fight

We'll win this game!"